{
  "1696020057": {
    "count": 328,
    "query_time": 0.29434967041015625,
    "min_time": 0.0005941390991210938,
    "max_time": 0.005830526351928711
  },
  "1696020058": {
    "count": 172,
    "query_time": 0.14449572563171387,
    "min_time": 0.0005960464477539062,
    "max_time": 0.0014622211456298828
  }
}